"item_purchased","avg_review_rating"
"Gloves",3.8614285714285725
"Sandals",3.8443750000000003
"Boots",3.8187500000000005
"Hat",3.8012987012987005
"Skirt",3.784810126582278
